,handle,handle_name,followers between 200 and 400
1,@babu939839 =334,@babu939839,334
2,@Jakhmi_ =372,@Jakhmi_,372
3,@iampravinkhichi =316,@iampravinkhichi,316
11,@Mehtabhi1 =318,@Mehtabhi1,318
12,@annepuanil1 =296,@annepuanil1,296
16,@sudhindra_kumar =216,@sudhindra_kumar,216
20,@ShahrukhAIMIMmp =289,@ShahrukhAIMIMmp,289
31,@Vivek_Gaur =268,@Vivek_Gaur,268
33,@VishnudevMahto =275,@VishnudevMahto,275
35,@hasmukhahir1 =232,@hasmukhahir1,232
44,@bandushingote =329,@bandushingote,329
46,@swatisometimes =356,@swatisometimes,356
56,@Mr_AnujChauhan =257,@Mr_AnujChauhan,257
69,@SardarniTiyara =258,@SardarniTiyara,258
72,@Manorathgarg1 =400,@Manorathgarg1,400
80,@desimonk92 =280,@desimonk92,280
82,@vivekkumar096 =264,@vivekkumar096,264
84,@Deepesh77265875 =205,@Deepesh77265875,205
103,@AjayY16075630 =209,@AjayY16075630,209
109,@MDKaif90827113 =352,@MDKaif90827113,352
135,@PreetiS85083048 =282,@PreetiS85083048,282
141,@Pooja11114 =395,@Pooja11114,395
147,@BatraPardyuman =266,@BatraPardyuman,266
160,@Himansh33031760 =254,@Himansh33031760,254
162,@JaiShre18401443 =389,@JaiShre18401443,389
172,@KadirCh51465911 =208,@KadirCh51465911,208
174,@Pushkarti007 =251,@Pushkarti007,251
182,@ballebajvidhayk =322,@ballebajvidhayk,322
185,@amityadav141 =317,@amityadav141,317
194,@JeniferWilams =386,@JeniferWilams,386
203,@VimalKumarPal19 =203,@VimalKumarPal19,203
204,@tech_rein =390,@tech_rein,390
205,@DRamaSudhakar =279,@DRamaSudhakar,279
207,@xCAEi5HfOu5Kbt0 =283,@xCAEi5HfOu5Kbt0,283
216,@ABHISHE00503767 =321,@ABHISHE00503767,321
223,@alok_pattanaik1 =294,@alok_pattanaik1,294
238,@PrakashVaran08 =368,@PrakashVaran08,368
240,@pseudo__world =261,@pseudo__world,261
242,@csvyas1996 =240,@csvyas1996,240
244,@krishna108kk =240,@krishna108kk,240
246,@DntSpillDaBeans =280,@DntSpillDaBeans,280
252,@SoniSanatani =217,@SoniSanatani,217
256,@ChakeriRaj =367,@ChakeriRaj,367
258,@Adityabanna7 =226,@Adityabanna7,226
260,@ShivamHunter3 =337,@ShivamHunter3,337
262,@DiwanaShri =211,@DiwanaShri,211
275,@NasirBhaisjaan =358,@NasirBhaisjaan,358
287,@ManTheiron =349,@ManTheiron,349
290,@MauryaPrduman =318,@MauryaPrduman,318
295,@MrBusinessMan6 =220,@MrBusinessMan6,220
297,@raman100100100 =356,@raman100100100,356
301,@aatique222 =256,@aatique222,256
302,@MadhuSi93182701 =291,@MadhuSi93182701,291
303,@tripathi_m_m =331,@tripathi_m_m,331
306,@imRishabh_Gupta =289,@imRishabh_Gupta,289
308,@KuNalYaDav55 =287,@KuNalYaDav55,287
311,@Suraj494 =314,@Suraj494,314
313,@RajneeshTrainer =353,@RajneeshTrainer,353
315,@Aashish86978542 =236,@Aashish86978542,236
316,@haristiwari =302,@haristiwari,302
322,@Sidhrajsolanki =288,@Sidhrajsolanki,288
323,@PINKUPRINCE4 =344,@PINKUPRINCE4,344
330,@Samirk12345 =307,@Samirk12345,307
336,@SinghJugendr =305,@SinghJugendr,305
339,@SONU_SARKAR1 =250,@SONU_SARKAR1,250
340,@RS20121969 =297,@RS20121969,297
342,@Pradeep22414869 =252,@Pradeep22414869,252
351,@sunil_maheswar =321,@sunil_maheswar,321
356,@JasaparaJay =253,@JasaparaJay,253
357,@meet1010 =396,@meet1010,396
360,@AmanKumarGoya15 =377,@AmanKumarGoya15,377
372,@pankajk01101981 =299,@pankajk01101981,299
386,@ajay_rawat96 =344,@ajay_rawat96,344
387,@1008udaybharti =338,@1008udaybharti,338
399,@deepakC31159068 =381,@deepakC31159068,381
417,@SandYa_SandY149 =322,@SandYa_SandY149,322
418,@TharkiGoku =221,@TharkiGoku,221
419,@NewtonMITP =239,@NewtonMITP,239
422,@NeerajMohan1 =351,@NeerajMohan1,351
425,@babluarya33 =289,@babluarya33,289
427,@HarendraSahan26 =288,@HarendraSahan26,288
428,@shivam1324 =370,@shivam1324,370
432,@VivekKu32972602 =318,@VivekKu32972602,318
440,@NIKKUKUMARMISH3 =361,@NIKKUKUMARMISH3,361
443,@ganeshk65507538 =336,@ganeshk65507538,336
448,@Meethi112000 =238,@Meethi112000,238
449,@politute =257,@politute,257
454,@AARYA9876543210 =254,@AARYA9876543210,254
457,@sanjujoshi9722 =288,@sanjujoshi9722,288
461,@Aham_brhmasmii =258,@Aham_brhmasmii,258
464,@Being_shiba333 =364,@Being_shiba333,364
469,@Monaliisingh =305,@Monaliisingh,305
478,@Yuvi6u =228,@Yuvi6u,228
487,@SachinY11879805 =341,@SachinY11879805,341
493,@ArjunRamSai2 =287,@ArjunRamSai2,287
502,@DarcywithJunior =371,@DarcywithJunior,371
505,@tgdeals1 =356,@tgdeals1,356
507,@Abhishe66005360 =383,@Abhishe66005360,383
511,@Deshraj94474182 =256,@Deshraj94474182,256
528,@Deepak_KumarUK =355,@Deepak_KumarUK,355
529,@PranavKamli =308,@PranavKamli,308
534,@Ramprav20853537 =235,@Ramprav20853537,235
536,@prajapatsanja12 =223,@prajapatsanja12,223
538,@Mahendraingle3 =213,@Mahendraingle3,213
540,@RakeshS89784734 =256,@RakeshS89784734,256
544,@Rameshchandame2 =367,@Rameshchandame2,367
549,@Ranifromjhansi =201,@Ranifromjhansi,201
556,@tiwarisujeet803 =346,@tiwarisujeet803,346
568,@KamalNewsHindi =295,@KamalNewsHindi,295
569,@DharmicPurush =277,@DharmicPurush,277
580,@Me84988933 =346,@Me84988933,346
583,@AnkitKa90642417 =280,@AnkitKa90642417,280
590,@Shanky_Thakur_ =226,@Shanky_Thakur_,226
595,@Anujsaini_ir =341,@Anujsaini_ir,341
596,@anujkpk =244,@anujkpk,244
610,@Abhishe25258661 =236,@Abhishe25258661,236
611,@imawesomuknow =279,@imawesomuknow,279
613,@akray525 =271,@akray525,271
615,@SanMigu85814394 =394,@SanMigu85814394,394
618,@Akshay20702829 =235,@Akshay20702829,235
623,@AnuragK70719424 =392,@AnuragK70719424,392
637,@RohitRajThakur9 =265,@RohitRajThakur9,265
638,@bk_wala =336,@bk_wala,336
665,@tKisHaNOffiCiaL =293,@tKisHaNOffiCiaL,293
676,@jeetuRSS =308,@jeetuRSS,308
682,@Sandeep06466056 =290,@Sandeep06466056,290
685,@RaulBaba =316,@RaulBaba,316
693,@JayDhariwal1 =218,@JayDhariwal1,218
699,@DarkKnight0768 =329,@DarkKnight0768,329
701,@Sumitfugen =290,@Sumitfugen,290
716,@MODIFIED_AJ7 =310,@MODIFIED_AJ7,310
727,@JSureeli =332,@JSureeli,332
738,@SpringKumar4 =282,@SpringKumar4,282
740,@rio10314 =390,@rio10314,390
744,@palsavan1 =245,@palsavan1,245
756,@Dipanshu341 =320,@Dipanshu341,320
759,@viprmishra =203,@viprmishra,203
769,@sandeepjaikisan =253,@sandeepjaikisan,253
770,@Badboycheeta =300,@Badboycheeta,300
774,@Arjun53509905 =222,@Arjun53509905,222
778,@R1Ravendrakumar =310,@R1Ravendrakumar,310
779,@the_almsgiver =350,@the_almsgiver,350
784,@iam_akshukla =326,@iam_akshukla,326
796,@MalaviaNilesh =352,@MalaviaNilesh,352
825,@BhartiyBrahmin =223,@BhartiyBrahmin,223
826,@SaffronSniper07 =399,@SaffronSniper07,399
831,@Ahupadhyay =369,@Ahupadhyay,369
833,@AakashParekh12 =357,@AakashParekh12,357
840,@naveen_choungad =259,@naveen_choungad,259
846,@SKumartanwar =267,@SKumartanwar,267
849,@RAGHVEN54938158 =351,@RAGHVEN54938158,351
855,@FaizulAzeem9 =212,@FaizulAzeem9,212
870,@kapiraj_rk =388,@kapiraj_rk,388
871,@gauravpurbiya1 =334,@gauravpurbiya1,334
881,@it_preeti_ =321,@it_preeti_,321
887,@akki_c96 =352,@akki_c96,352
901,@chetansingh099 =278,@chetansingh099,278
903,@_KanhaRo_45 =371,@_KanhaRo_45,371
904,@LadyDonLady =318,@LadyDonLady,318
905,@sachinshukla28 =391,@sachinshukla28,391
907,@rajk0206 =231,@rajk0206,231
912,@vardilal2 =337,@vardilal2,337
916,@Prince_adityan =246,@Prince_adityan,246
919,@EliServices =343,@EliServices,343
921,@Ontisalaga4 =252,@Ontisalaga4,252
947,@HUKAMCHANDSUTH2 =257,@HUKAMCHANDSUTH2,257
959,@Rahulku76028737 =352,@Rahulku76028737,352
969,@upasna0 =351,@upasna0,351
971,@vijaynaithani67 =388,@vijaynaithani67,388
988,@MirzaSa01939899 =393,@MirzaSa01939899,393
997,@ankitkr_01 =262,@ankitkr_01,262
1000,@godara_official =318,@godara_official,318
1001,@amara5632 =231,@amara5632,231
1004,@GhughutiServic2 =265,@GhughutiServic2,265
1013,@Sachinsahu01sk =271,@Sachinsahu01sk,271
1033,@Nayra46103425 =317,@Nayra46103425,317
1049,@Santosh66640318 =306,@Santosh66640318,306
1058,@Jitendr93692782 =320,@Jitendr93692782,320
1068,@KaurGunjann =304,@KaurGunjann,304
1070,@NLyN27BkMFc5QOg =244,@NLyN27BkMFc5QOg,244
1072,@Sidheswar_1 =217,@Sidheswar_1,217
1077,@RamanDudiRJ =280,@RamanDudiRJ,280
1083,@Rahul_Dubey_7 =396,@Rahul_Dubey_7,396
1084,@Shubham__BJP =346,@Shubham__BJP,346
1087,@HuPF5M6dCzE1KX0 =348,@HuPF5M6dCzE1KX0,348
1103,@Mahi_parmar_ =340,@Mahi_parmar_,340
1106,@praveenmukul =219,@praveenmukul,219
1116,@Saksham15410429 =330,@Saksham15410429,330
1134,@vaibhavgupte6 =319,@vaibhavgupte6,319
1137,@killintimeontwt =368,@killintimeontwt,368
1144,@Sarcast54624145 =273,@Sarcast54624145,273
1152,@Sukhramdass6 =383,@Sukhramdass6,383
1153,@RamPras92445582 =338,@RamPras92445582,338
1162,@NOTYELEMENT =397,@NOTYELEMENT,397
1164,@Yogesh70033994 =258,@Yogesh70033994,258
1167,@coolicykool =229,@coolicykool,229
1174,@Ghotiya =208,@Ghotiya,208
1183,@Murshid_Khan33 =220,@Murshid_Khan33,220
1202,@imBarkati =327,@imBarkati,327
1208,@YogeshKamble31 =320,@YogeshKamble31,320
1213,@Pinku05672592 =346,@Pinku05672592,346
1218,@BeniwalJagmal =226,@BeniwalJagmal,226
1227,@Rajeshsoni_1973 =245,@Rajeshsoni_1973,245
1228,@Avhinay_inc =271,@Avhinay_inc,271
1230,@DevilShadabsidd =393,@DevilShadabsidd,393
1238,@sachshar012 =356,@sachshar012,356
1246,@NishantNexus1 =213,@NishantNexus1,213
1258,@_Pandit_Ji_ =273,@_Pandit_Ji_,273
1261,@Sitaram28392342 =352,@Sitaram28392342,352
1262,@TiGer_Rizvii =361,@TiGer_Rizvii,361
1263,@SidhrajPatel =362,@SidhrajPatel,362
1270,@AttituderSingh =248,@AttituderSingh,248
1281,@abhishek31298 =393,@abhishek31298,393
1282,@Praveendotcom1 =342,@Praveendotcom1,342
1284,@skkaushal44 =362,@skkaushal44,362
1299,@Muhamma87950531 =263,@Muhamma87950531,263
1300,@Mustaqeem760 =299,@Mustaqeem760,299
1303,@1AjeetYadav =278,@1AjeetYadav,278
1305,@Anilkum93798859 =267,@Anilkum93798859,267
1312,@KunwerAvi =238,@KunwerAvi,238
1316,@Bhawani72325508 =257,@Bhawani72325508,257
1319,@devesh10k =353,@devesh10k,353
1322,@Raaz041992 =319,@Raaz041992,319
1324,@chavhan_chandu =329,@chavhan_chandu,329
1346,@iamshenu7376 =342,@iamshenu7376,342
1349,@14MANOHAR =371,@14MANOHAR,371
1352,@KavyaShinha =229,@KavyaShinha,229
1356,@Ashmoha67122589 =262,@Ashmoha67122589,262
1362,@Shubham94128744 =354,@Shubham94128744,354
1372,@sauravv45113979 =293,@sauravv45113979,293
1373,@kranti_yodha =280,@kranti_yodha,280
1374,@SpfArnavraghav5 =304,@SpfArnavraghav5,304
1378,@HydrabadeVishal =372,@HydrabadeVishal,372
1381,@__iJD__ =238,@__iJD__,238
1389,@Suresh14249089 =245,@Suresh14249089,245
1400,@kalyugKachowkid =351,@kalyugKachowkid,351
1403,@kasimansari555 =295,@kasimansari555,295
1404,@prajapatiritik0 =384,@prajapatiritik0,384
1406,@DefenceBlogger =248,@DefenceBlogger,248
1432,@Sofia44448383 =369,@Sofia44448383,369
1434,@skanda1515 =329,@skanda1515,329
1436,@baburaokastyleh =362,@baburaokastyleh,362
1439,@AtulShrivstv =321,@AtulShrivstv,321
1448,@akshayhimself =215,@akshayhimself,215
1495,@VIKASHY1996 =307,@VIKASHY1996,307
1511,@Infinitefounda2 =384,@Infinitefounda2,384
1515,@SuryaPr55853781 =238,@SuryaPr55853781,238
1516,@pankajk02267182 =345,@pankajk02267182,345
1528,@LiemTshue =298,@LiemTshue,298
1532,@vedbhawsar =310,@vedbhawsar,310
1533,@Shikhaj55566349 =344,@Shikhaj55566349,344
1546,@shanu786_92 =374,@shanu786_92,374
1548,@shubashish =371,@shubashish,371
1551,@MahrajAnkit =334,@MahrajAnkit,334
1555,@SunilSamana =379,@SunilSamana,379
1556,@vishu_hindu =318,@vishu_hindu,318
1560,@AmitAgal =388,@AmitAgal,388
1565,@ssani1018 =398,@ssani1018,398
1566,@Arun_naturelove =229,@Arun_naturelove,229
1567,@pathak84 =381,@pathak84,381
1568,@Shraddh18234773 =400,@Shraddh18234773,400
1584,@Rspaswan7 =222,@Rspaswan7,222
1594,@BrrijeshBhargav =324,@BrrijeshBhargav,324
1603,@NathProsonjoy28 =373,@NathProsonjoy28,373
1607,@JoshiNa11238603 =202,@JoshiNa11238603,202
1611,@CHOWKIDARHITE10 =243,@CHOWKIDARHITE10,243
1621,@Manish30583275 =280,@Manish30583275,280
1646,@SachinS77552028 =253,@SachinS77552028,253
1654,@TARA_RJ23 =254,@TARA_RJ23,254
1659,@nishant4_king =241,@nishant4_king,241
1670,@TowerofSilance =362,@TowerofSilance,362
1679,@CdtYashINDIA =326,@CdtYashINDIA,326
1707,@AnuragO83890560 =394,@AnuragO83890560,394
1710,@YESubodh =344,@YESubodh,344
1726,@NiteshTripathi_ =245,@NiteshTripathi_,245
1734,@SantoshJhaINC =359,@SantoshJhaINC,359
1741,@Nskk1234567 =231,@Nskk1234567,231
1743,@kunalpradha =331,@kunalpradha,331
1748,@Imadityagautam =278,@Imadityagautam,278
1759,@imrgahoi =228,@imrgahoi,228
1770,@Shyamsingh_BJP4 =357,@Shyamsingh_BJP4,357
1780,@AnandBallabh11 =349,@AnandBallabh11,349
1786,@KaranSiddh =328,@KaranSiddh,328
1809,@BhanuPratapNSS =393,@BhanuPratapNSS,393
1815,@flying_arrow_ =357,@flying_arrow_,357
1819,@ManojDatic =250,@ManojDatic,250
1821,@DPkumawat95 =333,@DPkumawat95,333
1827,@manishs13710894 =270,@manishs13710894,270
1832,@Honeysss007 =310,@Honeysss007,310
1854,@NITAISAINI =382,@NITAISAINI,382
1856,@OfficeDilipGarg =342,@OfficeDilipGarg,342
1861,@Subandu3 =207,@Subandu3,207
1864,@NareshBGohel1 =400,@NareshBGohel1,400
1868,@IshwarNathJha2 =322,@IshwarNathJha2,322
1869,@NaveenY94386304 =309,@NaveenY94386304,309
1892,@BhaweshPundlik =339,@BhaweshPundlik,339
1894,@Devendr20095324 =219,@Devendr20095324,219
1897,@poojakahar628 =352,@poojakahar628,352
1911,@Jyotikumavat621 =266,@Jyotikumavat621,266
1949,@Dheeru73711533 =265,@Dheeru73711533,265
1966,@surujyani =212,@surujyani,212
1973,@as_daiya_barmer =265,@as_daiya_barmer,265
1980,@Imprashantsahu =368,@Imprashantsahu,368
1994,@Kavya_Kapoor_ =309,@Kavya_Kapoor_,309
1996,@MansinghkaRahul =295,@MansinghkaRahul,295
1999,@anantadanga2301 =261,@anantadanga2301,261
2012,@Balwant53330235 =369,@Balwant53330235,369
2015,@sisoravikant =309,@sisoravikant,309
2030,@nitesh_singh3 =326,@nitesh_singh3,326
2033,@KartikeyRajak1 =264,@KartikeyRajak1,264
2041,@YaaR__TerA =396,@YaaR__TerA,396
2049,@Satendra7917 =211,@Satendra7917,211
2059,@kingsumitK01 =306,@kingsumitK01,306
2073,@DeewanaRaju1 =290,@DeewanaRaju1,290
2075,@27vinaykumar3n =316,@27vinaykumar3n,316
2077,@PriyaIndianArm1 =235,@PriyaIndianArm1,235
2081,@Mansingh13114 =384,@Mansingh13114,384
2101,@mishrajivipin12 =369,@mishrajivipin12,369
2107,@ajaythakur511 =316,@ajaythakur511,316
2116,@aehle2 =238,@aehle2,238
2119,@KunalJh52839791 =258,@KunalJh52839791,258
2126,@1amayra =238,@1amayra,238
2131,@Diljeet53818371 =348,@Diljeet53818371,348
2166,@hwBhDvbVDS7W2c4 =221,@hwBhDvbVDS7W2c4,221
2169,@sandeepharda =282,@sandeepharda,282
2182,@imashutosh007 =229,@imashutosh007,229
2189,@dineshpatelrj16 =332,@dineshpatelrj16,332
2200,@sanjeet0006 =234,@sanjeet0006,234
2202,@prateek_yogi =390,@prateek_yogi,390
2215,@Rajendr09919355 =278,@Rajendr09919355,278
2231,@DevRaghav2411 =328,@DevRaghav2411,328
2239,@SajidAl17866041 =391,@SajidAl17866041,391
2240,@Om123135 =277,@Om123135,277
2278,@Stylist22061245 =206,@Stylist22061245,206
2319,@Manoj40211829 =235,@Manoj40211829,235
2323,@AIngle143 =374,@AIngle143,374
2351,@kanchanp907 =383,@kanchanp907,383
2353,@Piyushj50810954 =294,@Piyushj50810954,294
2371,@bennjiee =276,@bennjiee,276
2396,@roasting_baba =340,@roasting_baba,340
2398,@Abhi__pandey__ =347,@Abhi__pandey__,347
2404,@iMukeshNegi =215,@iMukeshNegi,215
2412,@VIKASHR73465419 =235,@VIKASHR73465419,235
2415,@MaheshK98021818 =397,@MaheshK98021818,397
2418,@Shamshersubhed2 =203,@Shamshersubhed2,203
2425,@ChuvanSandeep =332,@ChuvanSandeep,332
2427,@RanjanJaiswal39 =310,@RanjanJaiswal39,310
2428,@Ranjeet35816317 =262,@Ranjeet35816317,262
2429,@girirajskt =292,@girirajskt,292
2442,@Saurabh51021234 =388,@Saurabh51021234,388
2461,@Gauravk45460864 =400,@Gauravk45460864,400
2466,@KishanG76531337 =239,@KishanG76531337,239
2475,@Keshavkrishnat2 =343,@Keshavkrishnat2,343
2498,@DeepakV46687876 =357,@DeepakV46687876,357
2505,@Babukhan681 =288,@Babukhan681,288
2513,@vikaschhawdi =219,@vikaschhawdi,219
2526,@Kharolradhey1 =259,@Kharolradhey1,259
2529,@Satendra8421 =351,@Satendra8421,351
2530,@SonuSan30244057 =264,@SonuSan30244057,264
2535,@RahulMi32482615 =344,@RahulMi32482615,344
2553,@justrktiwari =391,@justrktiwari,391
2555,@sacchi123B =213,@sacchi123B,213
2559,@VijaySavani9 =388,@VijaySavani9,388
2577,@Sharma_Akhiles9 =244,@Sharma_Akhiles9,244
2580,@weharish =336,@weharish,336
2604,@Ashish84000 =399,@Ashish84000,399
2613,@RRealiene =355,@RRealiene,355
2628,@Siddsingh7277 =380,@Siddsingh7277,380
2634,@DeshbhaktSolo =378,@DeshbhaktSolo,378
2635,@niravmehta07 =348,@niravmehta07,348
2645,@ayodhya4976 =296,@ayodhya4976,296
2648,@RockyParwat =291,@RockyParwat,291
2681,@Santosh98858450 =305,@Santosh98858450,305
2682,@EkNationalist =233,@EkNationalist,233
2683,@Rathi23 =330,@Rathi23,330
2699,@Sidhart39814595 =271,@Sidhart39814595,271
2717,@PiyushAkkian =361,@PiyushAkkian,361
2725,@NimbalkarPranay =334,@NimbalkarPranay,334
2735,@AmitYad78399870 =345,@AmitYad78399870,345
2737,@jaikumawat93 =395,@jaikumawat93,395
2744,@BlackPa66659521 =268,@BlackPa66659521,268
2751,@manishkaushikEM =298,@manishkaushikEM,298
2761,@ArunSin97172641 =364,@ArunSin97172641,364
2812,@hindu_sher_AKS =398,@hindu_sher_AKS,398
2863,@ranashashisingh =347,@ranashashisingh,347
2868,@Dipika1967 =276,@Dipika1967,276
2869,@business_lend =302,@business_lend,302
2886,@AmarJeetpal70 =237,@AmarJeetpal70,237
2890,@4498Abhisharma =347,@4498Abhisharma,347
2902,@SuccessVestige =289,@SuccessVestige,289
2903,@mr_nightmare911 =240,@mr_nightmare911,240
2925,@Priyans16246983 =248,@Priyans16246983,248
2948,@SunnyDe02160413 =264,@SunnyDe02160413,264
2950,@bharatengineer =372,@bharatengineer,372
2955,@Ravi48203020 =312,@Ravi48203020,312
2960,@Vasudev45111720 =307,@Vasudev45111720,307
2988,@AnandGu51737679 =295,@AnandGu51737679,295
3002,@YT5699 =292,@YT5699,292
3007,@ShadabA58769226 =302,@ShadabA58769226,302
3020,@GhochuPappu =380,@GhochuPappu,380
3029,@Sanataniladka =345,@Sanataniladka,345
3033,@samirobust =276,@samirobust,276
3067,@YouthIndiaMP =284,@YouthIndiaMP,284
3069,@Airman_Ramesh =318,@Airman_Ramesh,318
3074,@Optimus84715495 =334,@Optimus84715495,334
3080,@Rohityadav00 =305,@Rohityadav00,305
3086,@officeSPM_ =355,@officeSPM_,355
3100,@MituRalte =203,@MituRalte,203
3106,@ANAJAAN___A =302,@ANAJAAN___A,302
3107,@Shivam_saini77 =243,@Shivam_saini77,243
3118,@RaghavAcharya95 =302,@RaghavAcharya95,302
3133,@bearanupam =267,@bearanupam,267
3139,@Itrs369Shyam =221,@Itrs369Shyam,221
3162,@SonuKum95724273 =348,@SonuKum95724273,348
3187,@bharatsepyar143 =200,@bharatsepyar143,200
3192,@give2society =305,@give2society,305
3209,@DeepakP33950315 =218,@DeepakP33950315,218
3212,@DrSudarshan27 =222,@DrSudarshan27,222
3215,@Rishabh82680817 =318,@Rishabh82680817,318
3251,@AnjaliS48424100 =329,@AnjaliS48424100,329
3276,@JepoyGumanan =278,@JepoyGumanan,278
3291,@NareshD2608 =201,@NareshD2608,201
3296,@iAjayYadav2 =281,@iAjayYadav2,281
